id,firstname,lastname,email
100,Shandie,Dannye,Shandie.Dannye@yopmail.com
101,Bee,Ellord,Bee.Ellord@yopmail.com
102,Tori,Rolf,Tori.Rolf@yopmail.com
103,Molli,Chandler,Molli.Chandler@yopmail.com
104,Andree,Vharat,Andree.Vharat@yopmail.com
105,Belinda,Kelula,Belinda.Kelula@yopmail.com
106,Desirae,Lilybelle,Desirae.Lilybelle@yopmail.com
107,Yolane,Cleavland,Yolane.Cleavland@yopmail.com
108,Gusty,Corabella,Gusty.Corabella@yopmail.com
109,Fanny,Keily,Fanny.Keily@yopmail.com